{
  "timestamp": 1769809534.5500233,
  "duration_seconds": 2436.1380734443665,
  "start_time": 1769807098.4119499,
  "interactions": 0,
  "learned_items": 0,
  "commands_executed": 0
}